[
  {
    "name": "点播视频",
    "media_list": [
      {
        "name": "资源1(MP4,H264,360P)",
        "path": "https://mov.bn.netease.com/open-movie/nos/mp4/2015/08/27/SB13F5AGJ_sd.mp4",
        "type": "video",
        "tag": "mp4"
      },
      {
        "name": "资源2(MP4,H264,360P)",
        "path": "https://mov.bn.netease.com/open-movie/nos/mp4/2018/01/12/SD70VQJ74_sd.mp4",
        "type": "video",
        "tag": "mp4"
      },
      {
        "name": "资源3(M3U8,H264,TS,720*576)",
        "path": "http://vod.hi.gzstv.com/vod_c4d4547568dd45e4b057217d9579a620.m3u8",
        "type": "video",
        "tag": "mp4"
      },
      {
        "name": "资源4(MP4,H264,1080P)",
        "path": "http://221.228.226.23/11/t/j/v/b/tjvbwspwhqdmgouolposcsfafpedmb/sh.yinyuetai.com/691201536EE4912BF7E4F1E2C67B8119.mp4",
        "type": "video",
        "tag": "mp4"
      },
      {
        "name": "资源5(MP4,H264,1080P)",
        "path": "http://storage.gzstv.net/uploads/media/WZZ/xjm-zhaopian.mp4",
        "type": "video",
        "tag": "mp4"
      }
    ]
  },
  {
    "name": "RTMP",
    "media_list": [
      {
        "name": "kktv8",
        "path": "rtmp://pull-g.kktv8.com/livekktv/100987038",
        "type": "video",
        "tag": "rtmp"
      },
      {
        "name": "香港卫视",
        "path": "rtmp://live.hkstv.hk.lxdns.com/live/hks",
        "type": "video",
        "tag": "rtmp"
      }
    ]
  },
  {
    "name": "HLS",
    "media_list": [
      {
        "name": "直播",
        "path": "http://hls2.gzstv.com/gztv/gztv1/index.m3u8?k=d56db7dbce24dbe49e638c11c21778c7&t=5D4B9B07",
        "type": "video",
        "tag": "m3u8"
      },
      {
        "name": "Apple 4x3 basic stream",
        "path": "https://devstreaming-cdn.apple.com/videos/streaming/examples/bipbop_4x3/bipbop_4x3_variant.m3u8",
        "type": "video",
        "tag": "m3u8"
      },
      {
        "name": "Apple 16x9 basic stream",
        "path": "https://devstreaming-cdn.apple.com/videos/streaming/examples/bipbop_16x9/bipbop_16x9_variant.m3u8",
        "type": "video",
        "tag": "m3u8"
      },
      {
        "name": "Apple master playlist advanced (TS)",
        "path": "https://tungsten.aaplimg.com/VOD/bipbop_adv_example_v2/master.m3u8",
        "type": "video",
        "tag": "m3u8"
      },
      {
        "name": "Apple master playlist advanced (fMP4)",
        "path": "https://tungsten.aaplimg.com/VOD/bipbop_adv_fmp4_example/master.m3u8",
        "type": "video",
        "tag": "m3u8"
      },
      {
        "name": "Apple TS media playlist",
        "path": "https://devstreaming-cdn.apple.com/videos/streaming/examples/bipbop_4x3/gear1/prog_index.m3u8",
        "type": "video",
        "tag": "m3u8"
      },
      {
        "name": "Apple AAC media playlist",
        "path": "https://devstreaming-cdn.apple.com/videos/streaming/examples/bipbop_4x3/gear0/prog_index.m3u8",
        "type": "video",
        "tag": "m3u8"
      },
      {
        "name": "Apple ID3 metadata",
        "path": "http://devimages.apple.com/samplecode/adDemo/ad.m3u8",
        "type": "video",
        "tag": "m3u8"
      }
    ]
  },
  {
    "name": "RTSP",
    "media_list": [
      {
        "name": "资源1",
        "path": "rtsp://184.72.239.149/vod/mp4://BigBuckBunny_175k.mov",
        "type": "video",
        "tag": "mov"
      }
    ]
  },
  {
    "name": "HTTP-FLV",
    "media_list": [
      {
        "name": "DesktopLiveStreaming",
        "path": "http://10.0.2.2/live.flv",
        "type": "video",
        "tag": "flv"
      },
      {
        "name": "资源1",
        "path": "http://flv1948666e.live.126.net/live/3c5170e6cdfa4e758d1ca67f1673b949.flv?netease=flv1948666e.live.126.net",
        "type": "video",
        "tag": "flv"
      }
    ]
  },
  {
    "name": "Music",
    "media_list": [
      {
        "name": "3D潮音 - 3D环绕嗨曲",
        "path": "http://mvoice.spriteapp.cn/voice/2016/0517/573b1240d0118.mp3",
        "type": "audio",
        "tag": "mp3"
      },
      {
        "name": "电音House 耳机福利",
        "path": "http://mvoice.spriteapp.cn/voice/2016/1108/5821463c8ea94.mp3",
        "type": "audio",
        "tag": "mp3"
      },
      {
        "name": "爱过的人我已不再拥有，错过的人是否可回首 . （治愈女声）",
        "path": "http://mvoice.spriteapp.cn/voice/2016/1104/581b63392f6cb.mp3",
        "type": "audio",
        "tag": "mp3"
      },
      {
        "name": "感觉很放松，我最喜欢在我的兰博基尼上听这首歌，先不说，我换一下电池，还能再听几圈",
        "path": "http://mvoice.spriteapp.cn/voice/2016/1123/5834c6bc02059.mp3",
        "type": "audio",
        "tag": "mp3"
      },
      {
        "name": "一辈子有多少的来不及发现已失去最重要的东西 . （精神节奏）",
        "path": "http://mvoice.spriteapp.cn/voice/2016/0703/5778246106dab.mp3",
        "type": "audio",
        "tag": "mp3"
      }
    ]
  }
]
